loans,observed_default_rate,avg_pd,avg_lgd,avg_ead,total_ead,total_expected_loss,portfolio_expected_loss_rate
7882,0.033240294341537684,0.032653293248921585,0.9687226880271967,545704.9985397107,4301246798.49,129028083.15626797,0.02999783300078589
