application_month,loans,observed_default_rate,avg_pd,avg_lgd,avg_ead,total_ead,total_expected_loss,expected_loss_rate
2025-03,1369,0.02337472607742878,0.03146815747935874,0.981500139201791,577502.6411102995,790601115.68,23279925.434602045,0.03050997087647483
2024-10,1162,0.04991394148020654,0.0349789118054223,0.9589174937734931,582205.301746988,676522560.63,21939775.779201347,0.03290706284091849
2024-09,1090,0.03486238532110092,0.0334086157821346,0.965737883278405,575677.8490183486,627488855.43,19743251.318651073,0.031844465924363026
2025-02,990,0.01616161616161616,0.03215570596829017,0.9734573120235671,514817.7488383839,509669571.35,14850495.909445664,0.03090228362802979
2025-01,962,0.030145530145530147,0.029802560014514385,0.9722348068454637,520348.2068814969,500574975.02,13849202.171432603,0.028721285615828037
2024-11,888,0.04391891891891892,0.03267352756123295,0.9586232125940833,506549.77793918917,449816202.81,13213478.10208811,0.030581767388952723
2024-12,808,0.0297029702970297,0.03365023980737046,0.9705354482648549,514297.3021287129,415552220.12,12616468.757054351,0.032059016969666045
2024-08,613,0.04241435562805873,0.03558263478966962,0.9631638464186566,540002.1165579119,331021297.45,10941802.156549262,0.03336510906465123
