channel,loans,observed_default_rate,avg_pd,avg_lgd,avg_ead,total_ead,total_expected_loss,expected_loss_rate
mobile_app,2783,0.03521379805964786,0.03306616726413992,0.9699298135582435,579672.664376572,1613229024.96,49367946.0953491,0.031551750458530516
branch,2144,0.033582089552238806,0.03134522974137262,0.9690069262642934,581088.241483209,1245853189.74,36632777.92878465,0.029866973653105183
partner_pos,1893,0.030110935023771792,0.03428328730584673,0.9668541469090527,420108.52708399366,795265441.77,25106374.147053402,0.03267419628425222
web,1062,0.03295668549905838,0.032518896784807134,0.9683162014014046,609132.9020903955,646899142.02,19327301.4578373,0.030844918048820242
