segment,loans,observed_default_rate,avg_pd,avg_lgd,avg_ead,total_ead,total_expected_loss,expected_loss_rate
salaried,2241,0.020080321285140562,0.01992074966936234,0.9794473451631225,598354.8366398929,1340913188.91,27137828.28251383,0.019435125727655603
new_to_credit,1059,0.061378659112370164,0.05643478829557516,0.9475825095578475,461843.20484419266,489091953.93,27011592.699236237,0.05284537754195565
self_employed,1203,0.02743142144638404,0.032389279571293984,0.9691957442161784,504086.8230091438,606416448.08,19373254.12517429,0.03115813875442953
good_repeat,1390,0.012949640287769784,0.01876562834151893,0.9837028486188439,678887.2268633094,943653245.34,17796714.748083986,0.018385375115571288
thin_file,674,0.06973293768545995,0.06054979888953996,0.941222523050702,442289.7958605342,298103322.41,17467779.463990107,0.05599364870584563
near_prime,826,0.0387409200968523,0.03131994626979856,0.9692132462973307,524299.817251816,433071649.05,13475264.292936096,0.029988550596371965
risky_repeat,300,0.03666666666666667,0.04508471304135726,0.9614089676968395,416333.2023,124899960.69,5211451.098042804,0.043140192592895886
subprime,189,0.0582010582010582,0.04761389312800808,0.9543629457088437,344428.7305820106,65097030.08,2960514.9190471023,0.04467865539281724
