loans,observed_default_rate,avg_pd,avg_lgd,avg_ead,total_ead,total_expected_loss,portfolio_expected_loss_rate
7882,0.033240294341537684,0.032816626150347285,0.9687226880271967,545704.9985397107,4301246798.49,130434399.62902445,0.030324788541502636
