product_type,loans,observed_default_rate,avg_pd,avg_lgd,avg_ead,total_ead,total_expected_loss,expected_loss_rate
cash_loan,4033,0.03223406893131664,0.03370284617232829,0.9749745291613781,683717.9902355566,2757434654.62,86088231.77270077,0.032296043490014484
credit_line,1829,0.03335155822854018,0.02893207139311099,0.9643867911086851,484421.8622361946,886007586.03,22907373.1390966,0.027436773651941207
installment_loan,2020,0.03514851485148515,0.03392718821633663,0.9601665891013575,325645.8207128713,657804557.84,20032478.244470596,0.03197153885340492
