risk_band,loans,observed_default_rate,avg_pd,avg_lgd,avg_ead,total_ead,total_expected_loss,expected_loss_rate
E_highest_risk,1577,0.0735573874445149,0.07721663252441344,0.9349640652945104,494541.23000000004,779891519.71,56934151.37889675,0.071613708580326
D,1576,0.03616751269035533,0.035059951350253804,0.9670637707121357,524714.0119479696,826949282.83,27727823.040273882,0.033900438724962505
C,1576,0.025380710659898477,0.02329749,0.9761679354088308,560969.9584454314,884088654.51,20157405.220705416,0.02274226271350788
B,1576,0.01903553299492386,0.01869711348667513,0.9802734391350141,564696.1168464466,889961080.15,16378326.991219042,0.018311743831098987
A_lowest_risk,1577,0.012048192771084338,0.008982022494610019,0.9851552232958128,583612.0870577045,920356261.29,7830376.5251728855,0.008846725879829665
