risk_band,loans,observed_default_rate,avg_pd,avg_lgd,avg_ead,total_ead,total_expected_loss,expected_loss_rate
E_highest_risk,1577,0.0735573874445149,0.0733475822662971,0.9351114865805878,493259.32414711476,777869954.18,54087559.81583879,0.06798680594030793
D,1576,0.03489847715736041,0.03727716626846018,0.9669263957328715,518443.0683058376,817066275.65,29404644.425913665,0.03603290463838271
C,1576,0.027918781725888325,0.02482512435667612,0.9735462048305086,566341.5025190356,892554207.97,21659561.817605093,0.024157292477527716
B,1576,0.017766497461928935,0.0173917517529028,0.9829789833838821,564765.8835152284,890071032.42,15275002.745134724,0.017091941946380966
A_lowest_risk,1577,0.012048192771084338,0.01122948591965579,0.9850613293544027,585723.0997273304,923685328.27,10007630.82453218,0.01105962298176769
