segment_type,segment,loans,observed_defaults,observed_default_rate,avg_predicted_pd,expected_defaults,calibration_error,oe_ratio,status
product_type,cash_loan,4033,130,0.03223406893131664,0.03370284617232829,135.923578613,0.0014687772410116526,0.9564197862251292,ok
product_type,installment_loan,2020,71,0.03514851485148515,0.03392718821633663,68.532920197,-0.0012213266351485189,1.0359984631605994,ok
product_type,credit_line,1829,61,0.03335155822854018,0.02893207139311099,52.916758578,-0.004419486835429195,1.1527539032853873,ok
