segment_type,segment,loans,observed_defaults,observed_default_rate,avg_predicted_pd,expected_defaults,calibration_error,oe_ratio,status
channel,mobile_app,2783,98,0.03521379805964786,0.032956907099892206,91.719072459,-0.0022568909597556544,1.0684800595187842,ok
channel,branch,2144,72,0.033582089552238806,0.031145552098880595,66.7760637,-0.002436537453358211,1.0782306714494165,ok
channel,partner_pos,1893,57,0.030110935023771792,0.03417337507395669,64.690199015,0.004062440050184895,0.8811226564132715,ok
channel,web,1062,35,0.03295668549905838,0.03219201715065913,34.187922214,-0.00076466834839925,1.023753353038444,ok
