segment_type,segment,loans,observed_defaults,observed_default_rate,avg_predicted_pd,expected_defaults,calibration_error,oe_ratio,status
bureau_score_band,650_699,2187,63,0.02880658436213992,0.028621590605852766,62.595418655,-0.0001849937562871523,1.0064634338054337,ok
bureau_score_band,600_649,1862,84,0.045112781954887216,0.04611425500590762,85.864742821,0.001001473051020406,0.9782827880252624,ok
bureau_score_band,700_749,1799,40,0.022234574763757644,0.019190621735964426,34.523928503,-0.0030439530277932177,1.1586166967216418,ok
bureau_score_band,750_plus,892,14,0.01569506726457399,0.01785787409865471,15.929223696,0.0021628068340807174,0.8788877767794517,ok
bureau_score_band,550_599,838,50,0.059665871121718374,0.055052023251789976,46.133595485,-0.0046138478699283975,1.0838088701813222,ok
bureau_score_band,<550,210,10,0.047619047619047616,0.04712402765714286,9.896045808,-0.0004950199619047566,1.0105046191192812,ok
bureau_score_band,,94,1,0.010638297872340425,0.025854281063829785,2.43030242,0.01521598319148936,0.4114714250253679,review
