segment_type,segment,loans,observed_defaults,observed_default_rate,avg_predicted_pd,expected_defaults,calibration_error,oe_ratio,status
rating_grade,C,2946,59,0.02002715546503734,0.0212545370101833,62.615866032,0.0012273815451459592,0.942253197773355,ok
rating_grade,D,2256,99,0.043882978723404256,0.03992146311923759,90.062820797,-0.003961515604166667,1.099232725823059,ok
rating_grade,B,1547,22,0.014221073044602456,0.01352661464124111,20.925672849999998,-0.0006944584033613463,1.051340148424427,ok
rating_grade,E,1041,72,0.069164265129683,0.07078341923631123,73.685539425,0.0016191541066282317,0.9771252346369045,ok
rating_grade,F,92,10,0.10869565217391304,0.10960172047826086,10.083358284,0.0009060683043478207,0.9917330831998433,ok
