segment_type,segment,loans,observed_defaults,observed_default_rate,avg_predicted_pd,expected_defaults,calibration_error,oe_ratio,status
segment,salaried,2241,45,0.020080321285140562,0.01906518397233378,42.725077282,-0.0010151373128067832,1.0532456080297934,ok
segment,good_repeat,1390,18,0.012949640287769784,0.017759824592086332,24.686156183,0.004810184304316548,0.7291536141376117,watch
segment,self_employed,1203,33,0.02743142144638404,0.031908897097256854,38.386403208,0.004477475650872816,0.8596793979677306,ok
segment,new_to_credit,1059,65,0.061378659112370164,0.05811570195939565,61.544528375,-0.003262957152974512,1.0561458787033884,ok
segment,near_prime,826,32,0.0387409200968523,0.03082974685108959,25.465370899,-0.007911173245762713,1.25660844002302,watch
segment,thin_file,674,47,0.06973293768545995,0.06173237347774481,41.607619724,-0.008000564207715138,1.1296007873502454,ok
segment,risky_repeat,300,11,0.03666666666666667,0.04542797746333333,13.628393239,0.008761310796666665,0.8071384356977315,ok
segment,subprime,189,11,0.0582010582010582,0.04936353692063492,9.329708478,-0.008837521280423276,1.1790293368692757,ok
