rating_grade,grade_order,risk_level,loans,observed_defaults,observed_default_rate,avg_predicted_pd,min_score,max_score,expected_defaults,oe_ratio,status
A,1,lowest,0.0,0.0,0.0,0.0,0.0,0.0,0.0,,no_defaults_or_no_expected
B,2,low,1547.0,22.0,0.014221073044602456,0.010082966805943628,700.0138599685367,743.8654028789153,15.598349648794793,1.4104056195265395,watch
C,3,medium_low,2946.0,59.0,0.02002715546503734,0.017575117460231736,650.0054747996039,699.9982774751873,51.77629603784269,1.1395175884516264,ok
D,4,medium,2256.0,99.0,0.043882978723404256,0.03475916547121807,600.0137727840211,649.9831910428284,78.41667730306797,1.262486545016193,watch
E,5,high,1041.0,72.0,0.069164265129683,0.06227056488136451,550.0986165707445,599.9590502813573,64.82365804150045,1.110705600012656,ok
F,6,highest,92.0,10.0,0.10869565217391304,0.1101287084332789,471.7006120349319,549.979487589861,10.131841175861659,0.9869874415149972,ok
