score_band,loans,defaults,observed_default_rate,avg_predicted_pd,min_score,max_score
F_<550,92,10,0.10869565217391304,0.11012870843327895,471.7006120349319,549.979487589861
E_550_599,1041,72,0.069164265129683,0.062270564881364544,550.0986165707445,599.9590502813573
D_600_649,2256,99,0.043882978723404256,0.034759165471218115,600.0137727840211,649.9831910428284
C_650_699,2946,59,0.02002715546503734,0.017575117460231788,650.0054747996039,699.9982774751873
B_700_749,1547,22,0.014221073044602456,0.010082966805943677,700.0138599685367,743.8654028789153
