model,split,roc_auc,gini,ks,average_precision,brier_score,mean_predicted_pd,observed_default_rate
woe_scorecard_logistic,train,0.6867625710236451,0.37352514204729026,0.28500172466670537,0.06734313037329574,0.027683792836987662,0.028921908190342117,0.028983143012506797
woe_scorecard_logistic,valid,0.7242527687397489,0.44850553747949773,0.33889675120637686,0.09580252393911959,0.032344267507847586,0.030009464404845497,0.03438213651357523
woe_scorecard_logistic,oot,0.6774483580773777,0.3548967161547554,0.28429704874676925,0.06733744293531135,0.0317101253045674,0.028006447882145135,0.033240294341537684
